Lat,Lon
38.09676207,-116.8180515
36.24009843,-115.1586914
34.27036086,-118.3162918
33.67614531,-118.1892776
34.05601838,-117.9957428
38.14426403,-122.5368347
33.75833444,-117.2264633
33.17446238,-111.8575134
33.74886386,-116.528038
46.00150293,-112.0967865
38.05379147,-121.2782669
45.55608756,-122.6356049
34.02511459,-117.9439774
39.72728448,-104.9723663
33.93038792,-118.1718369
33.68051379,-117.5598984
33.76472718,-112.3937683
35.18808567,-106.6032028
34.13518995,-118.0231247
34.28552118,-117.5570602
36.30921507,-115.1548691
32.92199667,-117.0413742
45.27646235,-123.8449402
32.34006429,-106.7354965
40.56682272,-122.3309479
40.86046415,-122.3562927
33.82682476,-112.0291519
40.46563423,-105.0962219
33.52767842,-112.0986023
36.18873763,-115.1204529
39.33995195,-121.5384521
35.33998959,-118.9762344
39.1776388,-121.5779953
33.16871701,-117.3692322
31.62943659,-106.2858582
39.14779367,-121.5512848
35.49564777,-105.9465027
31.91681243,-106.4059906
38.57331808,-121.1704559
38.74623135,-104.8651657
36.98279285,-119.8089294
34.01562146,-118.2556915
35.03990316,-106.7166672
37.98200361,-121.2885056
35.789849,-114.8437805
47.53017154,-122.2431412
38.31213427,-122.0602264
38.202091,-122.1676178
33.65142536,-117.1790009
47.79584916,-122.314888
35.84589369,-115.135437
47.61476005,-122.1771011
33.93544766,-118.09832
46.89999329,-122.9150772
45.21271385,-122.6908035
47.41946336,-122.8261719
33.64349489,-118.3768997
39.66762343,-105.0533371
37.00896183,-119.7738342
33.49134359,-111.7830429
32.19368352,-106.7721024
47.62466263,-121.8714447
35.29203404,-101.9024734
37.35073065,-122.0667877
47.41482916,-122.2464218
33.46122345,-111.9262238
33.80255333,-117.8637924
40.05132941,-104.9412384
33.60561715,-117.1834259
38.53738075,-121.2250595
34.02334478,-118.39991
48.1394224,-121.9731674
48.699551,-118.0536346
33.45730253,-112.1684952
40.70605242,-111.5083542
33.72619213,-118.0274048
43.30197083,-112.0681839
41.07981605,-111.9754944
37.50827636,-122.0449524
32.97929079,-117.205925
32.84137718,-117.0170517
36.39881005,-115.1086349
45.49603205,-122.6834259
39.76156625,-104.8097382
38.78763137,-120.9974365
46.19576213,-122.8954391
34.18425921,-118.0263596
42.87535602,-108.8710175
48.67382886,-116.3315277
33.14481438,-117.0512085
43.73463744,-116.2091141
34.14761263,-118.5335541
38.49234183,-121.4818573
38.51040395,-120.0438766
33.5736552,-117.9542236
36.23064384,-115.2940063
37.62783215,-122.0224457
38.72378965,-121.4841766
37.82027976,-120.9856567
35.27896665,-119.4448853
33.63454478,-112.0986633
32.770231,-117.0876923
36.66472588,-119.5747681
41.57091545,-124.1943665
38.7744405,-121.4141312
33.8993851,-118.3075943
34.08869161,-118.4488602
33.83168999,-117.5889053
34.44222666,-103.2005386
43.44796726,-110.7204437
38.21190145,-122.216301
34.03482454,-117.5594101
38.5123669,-121.1991806
33.89594277,-118.3959045
32.04953696,-110.3092117
36.11832891,-115.1066437
36.93107038,-113.5701523
45.99833588,-118.3866196
38.70925112,-123.0146179
33.78332281,-112.237175
36.50050737,-121.7974091
37.6814359,-120.9568863
36.9036633,-121.965004
38.20069343,-104.7007294
40.52693408,-111.8333282
40.54193028,-112.0228119
40.67776182,-111.9378052
33.6784288,-117.8663635
33.63380859,-117.7090836
34.01658341,-118.3521576
37.68825777,-122.4388275
35.36139932,-120.6757355
45.70712545,-122.8042068
34.19333304,-118.2889481
33.22932801,-117.3266449
33.13613788,-102.8339081
43.9372218,-103.5751114
34.16705436,-117.2084732
34.22085074,-118.8024979
32.68867456,-114.4219513
43.85154084,-123.0516052
33.85566181,-117.2918396
40.50304604,-111.8596344
39.70262559,-104.9450226
39.72366822,-105.0831985
39.79961175,-104.9149399
33.81132882,-118.1589508
33.79567862,-117.4010086
47.68267664,-116.7879791
34.275391,-117.7720642
34.52446624,-103.1954575
33.98175872,-109.2895355
34.03846752,-118.0455475
34.50115569,-114.3346634
40.88525197,-112.0239334
36.09038302,-119.0253677
42.32706395,-122.8567505
37.68046421,-121.996254
33.34825448,-111.8234863
40.8821158,-121.4210663
33.92421342,-117.3699036
34.96650969,-106.498436
39.83062633,-104.9729767
33.42566971,-111.7366867
39.72087394,-104.844696
39.73791787,-104.2186279
34.12119123,-119.1777115
39.46858414,-104.9449234
34.20273062,-118.3695526
47.80391645,-122.6879959
39.46427623,-121.7012711
37.98809297,-122.2456818
35.90280648,-115.0849228
45.80670437,-122.5327148
47.2764773,-122.303154
33.52114714,-112.1696396
33.32114106,-111.8588104
43.82163578,-111.7794647
38.89104122,-120.8297195
34.31940395,-118.812912
39.75125685,-104.9874954
37.46075843,-122.0738983
38.05570571,-122.5133133
34.48364808,-119.0694656
33.36313149,-112.2001648
34.31408678,-117.7752609
39.61907333,-104.9864883
39.51894538,-119.7237015
38.65563898,-121.5775375
31.57940731,-110.2789078
32.40234379,-111.0125961
33.91343588,-118.4307632
33.79622969,-111.9244003
39.10367809,-119.5868225
33.77171115,-116.2938766
38.79881939,-121.3641434
45.64349572,-122.5911636
38.83522034,-121.2237778
34.73228206,-120.1979446
33.89687618,-118.3429718
43.32230765,-124.2089386
33.97430285,-118.0725403
35.98641142,-115.1006851
33.42204195,-112.2193604
37.58005779,-122.0766144
36.39925391,-119.1542206
46.37834048,-120.2688522
38.31404575,-121.2593842
36.14237672,-115.0959854
33.43119521,-112.2878494
45.6245949,-122.6846848
37.33936593,-121.9652481
34.14419737,-119.1742783
39.1742409,-121.0345535
45.95028206,-108.5494843
35.46178777,-120.6116028
39.55235631,-105.0796204
37.97845383,-121.3373108
37.72959269,-122.0836258
32.37909673,-110.9973373
32.99962074,-117.2347412
35.80596704,-105.9487152
47.79599859,-122.1301422
34.29144464,-118.3244934
39.54514684,-104.9891815
45.3814859,-122.7197037
33.47077664,-111.8402634
33.80898413,-116.9977798
37.89245713,-122.0815735
37.93587773,-122.1893921
33.80106954,-118.3924942
33.37170061,-117.2434235
37.82962208,-121.4449234
33.78463776,-112.097374
34.15028264,-118.2144699
34.11208719,-118.2581329
47.86035389,-122.1083221
37.95450933,-121.9420319
37.7008416,-122.0482025
45.59555216,-122.6307831
38.415773,-121.4107742
33.53664238,-117.6616058
46.81233471,-123.8153381
36.11002862,-115.043335
47.78592134,-122.2944794
41.24137754,-112.0657349
33.03312522,-111.7559662
45.739804,-119.217804
39.6541784,-105.3409042
33.43597807,-111.7720566
46.70913482,-112.0211716
34.17401943,-118.2905426
39.55640408,-105.0809708
32.97878064,-117.0579147
33.91579616,-117.8897018
34.27338714,-118.4842758
34.05837135,-118.8644867
32.60404019,-116.9571381
39.76761767,-104.7204437
38.11480782,-122.5480423
34.04362363,-117.2253265
34.15690848,-118.0514221
40.59617542,-111.7959061
33.70683415,-112.1353073
48.58572702,-114.3341751
34.35480825,-118.8759155
38.61425623,-121.3931656
33.03475639,-111.7303543
47.2525522,-122.4100418
42.82716158,-103.0021744
37.81225537,-121.1373291
39.51520218,-104.9585037
37.79037192,-122.3993378
35.47498966,-120.659462
33.97763728,-118.0371475
40.46274002,-122.3248672
33.28227905,-117.0726547
37.27357985,-120.4929886
42.69051272,-123.370636
44.16761051,-123.0673981
34.0176044,-118.1431732
38.03679835,-121.8417435
40.47237739,-111.9550934
32.78857,-117.0711746
35.69594229,-119.2307205
35.33626509,-119.0212936
45.62322436,-122.4337463
35.10836223,-114.0365067
33.67830901,-118.0024872
34.15978688,-119.0495987
40.74825376,-111.8311996
33.23992901,-111.9083176
47.49928498,-117.2149582
45.32430022,-122.5919876
32.17345533,-110.8919525
38.59448392,-121.2242355
45.09058562,-122.9824066
47.83927452,-122.1099243
39.87890711,-122.2006607
34.27748023,-117.7535782
34.25717063,-118.3699646
41.81166149,-124.1949997
34.42794334,-119.7031937
33.64580785,-116.516243
33.44884147,-112.2180099
37.65670453,-122.4823761
36.83045418,-121.6507034
35.87587302,-119.2493134
33.95158508,-116.5273132
39.73087276,-105.0209122
45.44758509,-121.1950302
45.34755681,-122.5783234
35.43744098,-119.0503159
33.87845218,-118.3757401
45.51943743,-122.6459427
34.34409137,-118.4301453
33.66496923,-112.3523102
43.40649926,-116.5715561
33.47100896,-112.1332321
38.93130067,-108.54776
35.96943547,-115.2609482
43.73507848,-116.3214645
33.91876,-118.2827911
33.30269038,-111.7194901
37.90403848,-122.4177094
40.52352215,-111.7938232
33.99239699,-117.5202408
47.56303777,-117.4199982
33.86643276,-118.1574478
37.28959787,-121.1471481
39.61392011,-121.6217422
43.25694427,-112.1277771
45.50745331,-122.6017303
33.91629587,-118.3348236
34.16504471,-118.4758072
46.70739235,-112.0197525
39.4908955,-123.805275
39.39636784,-106.0070648
32.9562242,-116.9356384
38.75073599,-121.0744476
33.87985055,-117.5639191
47.11916092,-122.4337692
37.61278007,-122.4533539
32.3096756,-111.0697403
40.89193517,-111.8773499
45.23942924,-122.8431244
34.21665114,-118.2565231
33.78327904,-118.3751297
31.71618005,-106.3016663
39.45702663,-119.7525024
44.23934233,-103.2313385
35.31966947,-118.9487915
38.38582975,-121.5239105
37.90231512,-122.2650757
34.20992504,-117.9426498
44.04048651,-123.0265121
46.05904267,-119.1589432
33.71554457,-117.9602127
39.74711692,-119.7045288
35.60361978,-118.4771271
33.410584,-111.9165421
40.90624577,-124.1904907
38.97668782,-121.2403793
47.73993573,-117.409996
40.1249268,-105.1275558
33.60713925,-116.3902893
45.00596072,-122.982872
33.82591743,-117.5947418
33.87002244,-118.1235199
37.73864974,-122.0694427
37.86526815,-121.048584
36.69690169,-121.6683502
37.47671018,-122.0416031
36.74195801,-119.4317703
41.05108237,-121.6593552
33.28232483,-111.7525558
39.02410986,-104.8361359
37.70409336,-120.8802719
35.87453089,-119.2484207
33.57239024,-117.6933517
44.97264039,-123.0265121
32.41213846,-110.789978
33.92015487,-117.9403534
38.53617748,-122.6774597
34.42567566,-119.5131836
37.35905762,-121.9689789
38.12331499,-121.9657364
39.0979447,-123.2040558
46.9346447,-117.0032501
34.28361626,-118.394249
33.65059638,-118.0357819
34.11755033,-118.3090439
40.10204153,-105.0526352
38.64685457,-121.3287506
33.44303009,-111.7364197
39.76470069,-105.0947571
45.40146265,-122.87043
42.36314109,-121.7809677
37.31581026,-121.9749603
37.04141269,-119.7633514
47.15265021,-118.3821259
33.19287165,-117.2658463
33.69749856,-112.2194672
38.10522698,-121.2926559
36.89909933,-108.1559525
38.40677283,-122.2873077
37.31921684,-119.6579132
34.01614052,-118.3384094
33.51792737,-111.6828766
34.05393641,-117.7409363
33.79780988,-118.3525543
46.20733926,-120.0118713
33.6737136,-112.271347
37.82772357,-122.1949997
38.48881319,-121.0645981
39.57090033,-104.9395752
32.26586198,-110.8533401
32.15266552,-111.028511
34.22995295,-111.2638702
32.5514359,-115.4990234
47.74998113,-122.3339767
37.80548052,-122.5188904
40.76110072,-111.5772858
34.22887941,-118.3999786
36.55311174,-119.7000427
33.84390186,-118.0474243
34.05049837,-117.8472672
34.42828354,-112.4823151
47.61452583,-115.920845
31.8716824,-106.302002
33.50801952,-111.6326218
34.67112742,-112.3303223
33.37177904,-117.1584625
45.71152797,-122.8127975
37.46368751,-122.3222885
33.53952772,-117.2967606
44.22106244,-121.3029556
33.88182773,-117.1727905
33.74175791,-118.1171494
33.91052612,-112.2007523
34.38118328,-118.4313583
33.93577327,-117.5741272
33.80026835,-118.0811462
38.64498368,-121.0700531
34.19855184,-118.5401764
34.27072024,-118.1756058
34.28677999,-117.6692123
36.81792156,-120.0722046
33.96958457,-118.4128571
33.91493682,-118.2036896
47.52364288,-122.3547287
33.14298426,-111.7718506
44.72661055,-123.2741623
34.26978528,-119.6497726
42.97060391,-111.0130768
34.01059811,-118.3082047
45.71803556,-122.4300461
34.25691949,-119.8683624
33.79652541,-118.3389587
39.31640877,-104.8130341
33.81942755,-118.263382
49.08982834,-122.7296829
32.52744174,-116.9664001
42.10775906,-122.6696014
33.29416076,-111.7346191
36.43212865,-119.2931976
45.39494233,-122.7221756
44.82995607,-123.3116302
32.82292105,-117.2196579
34.05068076,-117.3803711
37.84535445,-122.0892715
40.50481871,-111.9865952
45.80460245,-122.5061722
33.32870877,-111.8254089
41.48214653,-111.9685898
32.10894713,-110.8921738
45.22052161,-122.6771317
34.07168025,-118.3966141
45.33700099,-123.0459976
47.69566935,-122.3457413
34.00708402,-118.3583145
36.07570513,-115.261879
33.66563223,-118.3941269
33.0747254,-117.0740967
42.08354473,-121.7576752
39.75153033,-105.0815353
35.78792127,-106.0008926
33.00514554,-105.9625626
34.13323164,-117.8285446
46.33443786,-119.2744446
33.87526601,-117.9638977
45.53986292,-122.5552521
37.50961265,-121.9506836
34.24335697,-118.5304642
37.22244336,-113.307518
47.69734694,-122.1513824
47.8815565,-117.4049911
37.71229843,-121.4518661
45.49621091,-122.9256058
39.08488135,-108.7381516
33.84168947,-118.0139999
33.74658734,-117.887886
47.59045511,-122.0354767
42.02688793,-124.2883911
45.41938062,-122.6295776
35.18721515,-118.9130859
40.52833764,-112.08461
33.27979142,-111.5621872
43.39158052,-116.5646057
36.76046423,-111.4580612
37.42706019,-121.019928
33.90737931,-118.321106
36.28142539,-119.3481979
35.39899944,-119.0202103
43.53808773,-116.2794113
33.39357464,-112.0992203
39.52485363,-104.9311218
39.82582495,-104.809761
46.58661301,-122.9789963
38.87498789,-122.924942
43.2467871,-123.3604431
43.51723157,-111.9659958
39.70133061,-105.0867004
34.17434235,-117.5584259
31.94041996,-110.7975006
38.4434927,-122.751297
33.94478326,-117.0335388
39.61558192,-104.8843079
39.624319,-119.8252945
34.05374526,-118.4543991
35.2717496,-120.6546631
39.61655403,-104.8109131
36.73199929,-119.7743149
33.22710945,-117.2526779
32.946362,-117.2052078
37.18495816,-122.009491
37.81654785,-112.4372025
37.90670651,-103.7196426
44.83386732,-123.0150604
37.63582002,-121.9870987
36.61321023,-119.8274765
34.29651569,-117.3656235
37.70884167,-122.2531967
41.79001632,-103.6613541
40.61225691,-115.6784668
42.66791242,-106.3405228
40.4034687,-111.8558655
31.97761298,-106.42733
40.37591196,-120.6381073
45.48017402,-122.8870468
33.88653667,-117.4637604
47.89198386,-122.364975
47.89278198,-122.2754135
37.61010411,-122.4038239
40.69412988,-111.8854675
45.59452177,-122.4117889
45.6581239,-111.0460587
33.98624273,-118.1290588
33.57388048,-112.269249
40.45328318,-124.1465607
33.75180045,-118.0414505
33.36152244,-111.9869843
32.75139409,-116.9311829
38.37418855,-121.9701309
40.7720702,-111.9092789
33.70747349,-117.2057495
37.17307994,-121.8210602
33.65493633,-111.976799
47.70459719,-122.3227844
37.57820557,-120.9491501
33.22994227,-111.7887115
45.6295382,-122.4127884
43.34847807,-123.3687363
33.93497094,-118.2447052
37.53896016,-105.8758392
45.15120996,-120.1837006
33.8498081,-118.3405304
34.25327878,-117.5943756
44.67066204,-106.9539413
33.99420109,-117.0728073
38.77643255,-121.0999374
40.74764993,-122.3526917
38.80924267,-121.3570938
37.48989068,-121.8329391
34.18648952,-118.9533615
36.14596565,-115.2781448
32.37616781,-106.7645874
39.77749662,-104.9865036
33.48196609,-111.9943848
34.51111209,-119.0826874
41.93796479,-104.9545135
41.60664087,-111.8332214
43.79331633,-116.3716125
35.89183522,-114.9668655
33.69170676,-118.0721512
34.82838248,-120.4567947
40.86098343,-117.743866
37.74632224,-122.4189682
34.04008696,-118.3607483
37.34668024,-120.5956879
34.27326232,-118.3453445
33.84789013,-111.8893433
38.57688333,-121.327858
37.23142217,-121.9624252
33.77308212,-118.2728958
33.98855379,-118.0919418
32.0905553,-110.903244
33.42838192,-112.0983276
39.97691515,-104.7518768
37.84313312,-121.2171783
37.16816923,-122.0314331
32.6060991,-117.0596008
37.8473261,-121.9688721
39.66515879,-105.1307373
34.74319584,-106.7203293
37.91697171,-122.073761
33.59729668,-111.7027283
35.48598417,-119.2760773
34.03817704,-118.369194
38.91834357,-108.4584961
36.76826887,-119.8796463
47.86541787,-117.1049423
38.11005054,-121.8051682
34.02532476,-118.3340225
37.96326714,-122.4261703
33.81231664,-116.9495468
39.86115778,-105.1236725
35.1204827,-106.5877914
34.10246267,-118.3256836
34.11065777,-117.0588379
40.76886462,-105.1394806
36.64987545,-119.3725891
34.16384236,-118.4324112
48.03712155,-122.2298813
33.89529715,-118.1154251
36.89878455,-119.7091064
32.74566675,-116.9683228
45.84979149,-112.5208511
33.88424729,-117.1814804
34.04224103,-118.3365555
40.81286693,-124.0714645
45.46900453,-122.6669617
37.11369704,-121.9101791
33.76954761,-117.3292618
37.36555907,-121.811821
47.85263242,-122.201355
38.33991466,-122.0236664
36.82717675,-120.0600891
39.39157987,-119.796463
41.88804144,-107.2135544
42.23841104,-122.8650513
39.26026507,-107.0892868
40.46275175,-105.07341
38.65868835,-121.7663345
43.65600666,-116.3938751
32.77138868,-117.0125809
36.15563725,-115.9085922
47.66842153,-122.3164597
32.57687302,-117.0635529
37.51515516,-122.2424545
34.65985409,-118.6233978
38.69305005,-121.240242
37.80044395,-122.2304688
33.7058716,-112.4258041
38.8704585,-121.2225647
37.6048488,-122.4084091
35.25694553,-114.0363083
38.80312736,-104.875412
40.14103792,-111.7313156
42.21931036,-124.4204559
45.7459731,-108.4724884
34.4580346,-118.719017
35.03074885,-114.5964584
38.18753429,-122.0205765
38.3295267,-121.298111
33.27467777,-112.067627
36.16031198,-115.2776489
34.14213546,-118.6040649
33.51516811,-112.4258041
40.74648756,-124.1467438
47.61882719,-122.1057129
38.94441757,-120.5780106
33.57703519,-117.1565933
33.70344485,-117.8127899
47.9926538,-122.1261749
34.15821627,-118.4380417
36.03181135,-115.2963486
33.87646062,-117.005455
36.20184052,-115.1888962
34.19030807,-118.0418396
34.16599318,-118.4485703
34.06889277,-117.2262726
38.46618766,-122.0339355
37.60206389,-121.7233505
40.84731589,-111.8959808
45.31112737,-121.9725647
38.07649228,-121.7290878
46.72811642,-114.0797958
47.50258222,-122.2215958
32.30790341,-110.9091644
43.21126148,-112.3559036
40.58291117,-105.0755615
33.54315952,-116.3919449
37.82971216,-122.2518463
43.94757789,-123.1426315
41.38133306,-111.9469376
38.12898631,-122.2999725
47.97138255,-122.208847
39.96382649,-105.232872
37.58014497,-120.9575272
39.61221276,-104.77314
48.52503671,-109.6710968
44.81908366,-123.0255585
35.32567418,-120.6052628
33.56411903,-112.2944183
47.35163682,-122.4064407
35.20928988,-106.5002213
37.79513062,-120.956749
35.3883049,-108.7569733
42.1501709,-121.756424
39.34195324,-105.0721741
34.05941639,-110.0225906
40.38625025,-105.1308136
47.5982266,-122.2106552
45.65748842,-122.5790482
47.53113011,-122.1327209
33.05961143,-117.1028137
37.64986777,-120.8490829
37.12432812,-121.5827103
37.84279616,-121.9219818
35.23774267,-107.8477554
46.15091555,-116.0230637
33.85982331,-117.4237595
39.06217645,-119.9655457
39.10209587,-121.0626755
33.33459067,-117.6599579
33.95801273,-118.0641174
34.05249405,-117.5835114
39.46909168,-119.7469711
34.77377265,-118.111557
34.07468652,-117.2253799
45.27784476,-122.8259659
47.64074797,-122.3075409
40.85503326,-111.8404694
38.03080403,-121.7102509
34.14755011,-118.192337
34.27998083,-118.4128494
36.65096428,-119.6905746
33.84262435,-112.0988159
39.34836006,-119.7498245
34.31216776,-118.1504669
40.48671988,-104.7349167
39.51516993,-104.7537918
45.79916811,-111.0637054
36.1924104,-115.1612167
35.07744015,-106.5322723
33.1923752,-117.2517242
39.50087901,-104.9604645
33.93156219,-112.1243286
43.55171548,-121.501091
36.19738806,-115.9859085
38.97336435,-104.7187347
44.37527983,-104.9506302
38.46159879,-121.4150543
39.15295117,-122.9173584
33.78304932,-118.1004181
33.92854718,-117.6894836
34.99800236,-120.4321823
48.65797062,-122.6125107
47.26954563,-122.4497604
37.34813559,-122.1835251
33.43329679,-117.1597595
48.00345409,-116.9147568
32.92121024,-109.7339554
34.30153043,-117.3207169
33.68509608,-118.3207703
37.74157222,-122.2737274
40.76129073,-111.9759598
36.17375284,-115.1180649
33.9068369,-118.1848907
48.6492521,-122.5937729
33.99563237,-118.0877304
45.62173169,-122.4746094
39.7115912,-104.7548141
38.02000093,-122.3585205
46.13460525,-118.305542
37.10705455,-120.0777588
45.5397032,-123.8236542
47.60276262,-116.7900543
34.20661491,-118.5269394
42.30495128,-123.3315659
36.72441704,-121.7933426
37.65946765,-121.216156
48.01112084,-123.4339828
40.52010517,-111.7522736
34.16221005,-117.9590073
48.22085017,-123.1170273
38.12245529,-122.3576736
33.66347785,-111.8586807
34.4884428,-118.622673
47.94912545,-120.0345078
34.64993415,-114.3422623
33.56049567,-112.4111786
35.04878921,-106.6564713
33.9841407,-118.1474152
33.52251776,-112.0297775
34.53128534,-120.4661865
46.98195421,-122.8311996
38.14542314,-121.8898773
40.75923851,-111.9838257
35.35341114,-119.0935287
36.90598219,-119.7022629
34.27284566,-118.3283844
38.81823906,-121.2685318
36.75173236,-119.7327042
33.51027669,-112.2019348
45.57656954,-122.6310043
45.52937952,-122.8872299
46.03246353,-123.9216003
44.25033899,-121.3023834
36.7269584,-119.6819763
39.49770705,-119.8362885
34.31582592,-118.5631027
39.08922062,-121.0901337
37.86336578,-121.7102509
39.36358454,-119.8315125
41.35379479,-111.9480362
38.08965406,-122.0579147
32.82652508,-114.6244659
33.53948956,-117.9887238
34.35146682,-118.6244354
33.25610285,-111.7129135
33.83610181,-116.957695
34.06470623,-118.998436
37.54424606,-118.9657669
33.94108124,-118.3340988
38.61936031,-121.4441986
37.52113428,-120.9401245
34.01016447,-118.5531235
38.57511493,-121.2905045
37.61208587,-113.1225433
36.96476658,-121.7574005
35.85504628,-115.0821838
33.87207348,-118.2738419
36.79140844,-119.7072296
38.63127037,-122.7491226
34.02205615,-118.2653961
48.03427074,-122.2181091
33.80535432,-117.3483887
44.41670487,-121.1843033
40.15611955,-111.7340622
34.18995968,-118.0548706
38.29679761,-107.8666229
36.66975496,-119.8399658
39.45402613,-119.8642807
32.45696765,-116.9987106
37.18601279,-121.582428
34.05279555,-117.7166672
33.96938716,-118.2153473
33.43491808,-111.9859848
47.73840215,-122.1688766
47.36486983,-122.3607864
46.679391,-112.0194855
33.81738282,-117.9877777
34.57889697,-112.0082855
47.37645399,-122.2067413
36.09866495,-115.2599716
37.49643671,-122.1972809
33.31786241,-111.9399033
38.42169078,-121.4467773
39.87982237,-105.0253448
39.36385272,-107.2186203
37.05507682,-122.0458755
45.72009021,-122.6871033
38.72824707,-104.8203049
37.11185261,-107.8838654
47.44432878,-117.2401733
41.0198532,-111.9348221
47.55805666,-122.3094406
33.91304385,-117.3931198
47.02838935,-122.3553085
36.20620037,-115.2943344
38.55585518,-121.2507477
36.26708323,-115.1720734
40.24350105,-118.4786453
41.89353148,-111.8779068
43.6628234,-116.1862946
32.95986915,-111.7208099
48.95678492,-122.4852982
33.66879844,-112.0989685
41.54141183,-111.8287277
36.81074621,-121.3980484
33.49078307,-112.0640411
32.96087716,-116.9568253
33.6865302,-112.0618134
34.35163649,-118.4649277
33.35265307,-112.0379486
38.71307837,-120.8407593
34.03736239,-118.1222839
48.22176237,-114.3129044
43.7377841,-116.3544235
35.94754672,-115.2412949
33.77211631,-117.8103256
33.6216118,-116.2689362
34.34314794,-118.4646606
35.93867442,-115.2782516
34.07031037,-118.5351563
47.26734585,-122.29673
38.25173955,-105.2244797
43.98207888,-123.0172501
33.23260551,-111.875351
32.94365878,-117.1129608
47.28817766,-122.3032074
37.76325754,-121.4335938
37.48255682,-122.3149796
37.72687764,-122.2087021
41.88519301,-111.8351669
34.30226174,-110.0491409
37.62899147,-121.0123672
36.93255357,-119.7192764
44.21849174,-123.1682205
37.27982362,-121.9316711
48.03472215,-122.1731339
47.78427325,-122.2075882
33.45925716,-111.6665573
33.85298907,-117.3335266
36.17069475,-119.2766037
34.37580901,-118.2035675
33.61665731,-117.6883392
40.00845364,-105.0731354
34.57327318,-112.467598
38.96917976,-108.5141907
33.91219199,-118.2816315
47.0774184,-122.3561325
32.57429372,-117.1790009
37.88138081,-121.9957657
37.99946999,-122.3331299
36.07612383,-115.1374893
33.69353928,-117.9588089
39.23087652,-123.2010117
35.15213354,-101.8620224
47.27810624,-122.2025528
37.75011954,-122.2966843
38.50561641,-121.152626
32.72408909,-116.9263535
32.90400113,-117.1724396
37.9649555,-122.3398285
40.73089318,-111.8912048
39.69235517,-106.091423
36.83486487,-104.4388809
33.9763858,-117.9066162
35.33101807,-120.6894836
34.01766063,-118.1998367
34.31965067,-119.038002
39.24317705,-108.4970856
39.40463872,-121.5501938
47.88428743,-122.2192535
33.8346645,-118.1892776
35.909995,-115.0568085
38.65386076,-121.1582718
37.7696857,-122.2220535
47.91701518,-122.3329163
47.31620838,-122.5371704
39.61096046,-104.916069
39.77335705,-105.0249176
39.56006286,-104.9035034
33.92109135,-116.9771042
37.22601431,-119.6546555
36.82365383,-119.7533875
46.53076776,-104.2761536
47.68752335,-122.1526794
33.94531989,-117.9672318
34.02557532,-117.9054337
32.14024896,-110.9770889
47.33072823,-122.292099
40.5199993,-111.830246
33.25236285,-105.6266708
36.14141208,-115.2435303
32.7462956,-117.2252274
36.21290796,-115.1543579
37.78164075,-122.062088
32.82047848,-117.0006485
37.38552582,-121.8187943
45.68095501,-119.7009811
47.01485853,-124.1040421
48.30910333,-114.3165359
34.47212756,-114.2968674
32.77109143,-117.2150879
37.77163152,-122.4385605
35.07113118,-118.9122467
47.56919215,-122.3131638
40.53227162,-111.9388657
34.22771131,-118.1501007
38.00239295,-122.0718613
36.21765516,-115.0620728
34.11246409,-118.1314087
34.23638472,-117.8553391
43.90962043,-121.3023987
47.49510327,-122.2854843
40.00062234,-105.25737
38.17817543,-120.553833
35.57562284,-105.2219467
38.59832197,-121.3550949
34.16799857,-118.0054245
47.09545037,-119.2699432
42.37435997,-123.3246536
40.53926548,-122.3509903
33.90696317,-117.348587
33.58266446,-112.2211304
37.97676128,-122.2653961
47.56685796,-122.3635712
38.15651489,-103.5474091
31.80814087,-106.4393845
35.47055088,-105.9586945
33.61501039,-111.8730927
38.52585311,-122.7334137
33.92879379,-118.3746414
33.27215642,-117.2333984
37.66939371,-122.4388275
38.04156694,-122.3122253
47.32399801,-122.6269989
34.9157947,-102.4046555
32.66745232,-116.9659271
33.71562802,-118.296402
32.87851606,-117.0115967
39.26100629,-104.8617935
47.34133278,-122.3659744
32.74902471,-111.7196198
38.39572938,-104.6154556
37.85315464,-122.4152908
32.39039496,-110.7974243
34.32846553,-119.1776352
39.57293098,-104.8843536
34.23671106,-118.2700424
33.82722247,-118.0511398
34.03319051,-118.3227844
32.86681172,-115.5701141
47.90406519,-122.2977066
34.62812326,-112.0006485
33.41828275,-112.0987473
33.93357023,-118.1429214
33.96951532,-117.3716354
38.4387874,-122.2929306
33.36870029,-111.6304245
39.36729805,-104.9024887
36.9302358,-119.7735443
38.74394294,-121.7673035
33.25643824,-117.1216736
34.20375752,-118.4144058
33.46608488,-111.9079208
44.88021632,-122.9858856
39.91518833,-105.0804138
34.00691727,-117.5638962
37.84912618,-121.9762192
34.74164799,-120.4569244
37.69054871,-121.9912643
32.96925944,-117.1377182
37.26090789,-122.1228943
39.26260316,-102.8697662
33.50867286,-112.1841049
33.56438346,-116.2155228
33.36911623,-112.3400269
36.59441254,-119.7935104
47.7265239,-122.3123245
34.01736044,-118.1838837
45.7484714,-123.8570251
37.98346589,-121.3217316
33.92734297,-116.3039627
37.86655395,-122.4641266
44.8400898,-123.0186005
33.92344599,-117.8347855
39.68444111,-105.1378403
33.62661189,-111.9788132
38.55789334,-121.4958572
44.14780778,-122.9343262
43.54860063,-124.2502136
31.71930338,-106.4060898
39.08538199,-104.6854706
37.38923973,-121.9104538
39.53103738,-104.7911148
33.95896346,-117.9843597
32.73388542,-117.2680054
45.15502557,-113.8858566
34.02525918,-118.2885437
33.98347969,-117.66745
33.38571665,-111.9973831
33.62751721,-117.1777267
39.58798742,-118.8020096
37.64215327,-120.9578552
33.86808051,-118.0990753
39.62931293,-104.9916458
38.66669957,-121.3076859
34.30489797,-119.7213058
33.8982178,-117.9412689
33.96738799,-118.5252609
32.9219207,-117.0438004
34.17685844,-118.4715729
34.15634977,-118.5361938
32.7001249,-117.0664673
47.84912182,-122.2867432
33.89017286,-118.4219437
34.10469347,-118.1314316
35.02074452,-118.4647827
36.78045112,-107.9940567
35.0399872,-106.6536865
36.1732488,-119.1542206
39.84427218,-104.9851456
39.25777375,-103.6861801
34.2409492,-118.2347412
37.57224669,-121.8981247
33.98978562,-118.3970566
33.73117355,-112.1658936
37.59737651,-122.4354324
33.89907414,-117.6893463
34.18018093,-118.0501785
33.98839934,-118.2740097
36.05762701,-115.1091614
34.32188524,-118.0250549
48.96924162,-122.4587021
34.68369407,-117.3455887
39.94112121,-105.0346756
38.34516787,-121.4440308
33.80707779,-118.4287262
45.69883011,-108.5841751
33.6535994,-116.2400665
46.76949842,-120.709404
38.04935409,-122.2694931
38.55895289,-121.7844238
40.74709022,-111.890892
39.3761643,-122.0042953
33.40034685,-111.9497757
33.93103372,-118.3958969
34.24573082,-119.5137634
37.68492928,-122.432991
35.36337727,-101.8841324
34.35765816,-117.3858643
36.73492975,-119.7348938
39.43409688,-104.9592133
33.66110226,-117.8835983
40.74679361,-111.935997
33.87614991,-112.2021713
33.717785,-112.4213638
33.78179312,-118.0023575
33.38322218,-112.1513977
45.67938378,-122.6361313
33.89394084,-117.8472672
47.28559952,-120.2824478
47.51831587,-122.3767624
37.73540161,-122.3979263
47.18078148,-122.433342
37.48041137,-121.9532547
37.44881523,-122.0677109
38.29317713,-121.2874298
35.91795099,-114.990921
33.42496318,-111.959137
33.95169176,-118.3429489
33.58309981,-112.335289
33.9666118,-117.9130707
37.50459138,-122.4829178
34.17293088,-118.2832565
36.89426439,-108.0846176
33.71823912,-112.1826172
39.08176401,-122.6156387
34.037827,-117.9975357
35.95194689,-115.1517639
37.54074056,-120.9351959
34.18793237,-117.9075775
33.82649185,-118.0820847
37.84921511,-121.9047699
37.4123834,-122.2153397
48.9738693,-122.4962158
34.16137867,-118.4275208
45.82973618,-122.5568619
47.79737282,-122.4949875
47.07412856,-122.8336487
40.62062991,-111.9431992
38.9441455,-121.2644348
33.59253234,-111.9837189
37.00194654,-120.0740967
42.13386843,-122.7053604
44.77029607,-116.0975037
41.57650098,-112.0158997
37.64774556,-121.9737091
34.97957361,-120.4347687
47.93915769,-122.8040695
45.48695344,-122.2677383
33.63497153,-118.1416245
37.04510872,-107.6497726
34.07088076,-119.1834488
37.4750977,-121.9500656
33.67909204,-112.2900162
47.60808379,-122.1614075
38.26155975,-120.8050919
40.55576533,-104.7896423
36.20374727,-115.2424622
37.85049995,-121.9017944
45.59836831,-117.2841873
36.30697395,-115.1558914
33.77931224,-117.8377151
34.02316004,-118.3384171
34.13167661,-116.9703598
37.11275021,-121.9055252
36.15418384,-115.2060089
37.26667016,-121.1406555
46.19368985,-115.9779205
39.2675415,-121.5930786
34.86899607,-106.7203293
35.49780369,-119.109436
38.16226803,-122.5430145
45.45373971,-122.8254547
34.15496851,-118.0533447
45.57978288,-122.6713104
44.37908747,-121.1823425
39.65358986,-119.7804489
47.85827516,-122.1746292
33.42376121,-111.8237915
37.91691142,-122.0724258
39.76937249,-105.0533218
38.01698416,-122.0151978
47.97729992,-121.953949
33.45704008,-111.7218704
39.27853565,-120.2086105
47.72845843,-122.0473709
37.15315814,-122.0058594
36.63031406,-119.7540665
36.41727823,-115.1197586
44.76272384,-104.6004715
34.25400104,-117.5586166
40.22035612,-111.6395187
35.13168197,-111.6606445
38.52780418,-107.8757095
33.16902511,-111.5603409
40.29899077,-105.0741882
39.64301805,-104.6673584
34.10187231,-118.4280014
35.40264103,-119.1089096
32.78335866,-117.0637054
45.21168312,-122.7799759
32.22271618,-106.7821579
32.68773842,-116.9863892
38.99962701,-104.7522507
33.72709782,-116.9457016
45.62766628,-122.7167358
37.94240635,-121.2743988
36.19559656,-115.3042908
34.19750992,-118.2210312
34.24158969,-119.0788727
38.53127092,-122.8250656
33.12069578,-111.8754272
35.005896,-106.5298996
47.55750109,-122.2005234
46.14187827,-119.1737137
34.09384335,-119.2149506
33.48185833,-117.7156754
38.4475198,-121.9846039
36.32453568,-119.2735138
42.00207796,-120.3460617
44.64805845,-123.9431381
47.22783699,-122.8338852
32.27073561,-110.8052826
35.13302086,-106.6828537
34.00907713,-117.3718567
47.7542357,-117.1053925
33.72109548,-118.3399658
38.14305743,-104.6438293
36.8369292,-108.1966858
44.5599919,-122.8479691
36.72015615,-119.7595062
34.99258725,-111.662178
39.85389911,-104.8016357
33.4294354,-117.1438446
44.71797721,-124.051651
47.34103368,-121.9793167
47.73575935,-117.398201
33.16687303,-117.1631165
33.85395428,-117.8854599
40.04763897,-122.197464
35.46870855,-119.3450012
36.42846347,-119.3478012
39.40736242,-107.3189163
32.96761164,-117.0121613
33.96392872,-117.3462601
34.39304181,-110.0514984
32.65033011,-117.0991211
39.83933408,-104.9685516
38.43528081,-121.5247803
40.46830502,-107.5618668
45.54107641,-122.5789566
32.85962363,-117.037323
36.41320894,-115.1598206
39.65085798,-121.7983627
35.74366381,-105.9516373
33.66803566,-118.2655411
33.90287452,-117.3518677
35.47787904,-118.9675827
43.88932211,-124.1004868
35.37891534,-120.6633224
38.67577226,-121.1666489
34.0384711,-117.4635696
34.13793385,-117.1576462
32.09305867,-110.8054581
39.88444983,-122.1839371
37.45663735,-121.9985123
44.20261645,-123.0904312
41.84057763,-111.8327866
34.56613441,-119.7263489
37.50147162,-122.3482666
34.31308041,-118.3695755
33.70603709,-116.2154541
38.44792567,-121.5119553
33.858193,-117.7890015
39.55030847,-105.0071335
34.30156723,-118.4672546
38.70575087,-121.2879028
38.98392254,-121.0923767
33.92220762,-116.956665
34.53915215,-118.9322281
39.9924117,-122.1910629
31.7051009,-106.3492432
40.71653866,-124.1790237
47.20456674,-122.516037
33.47790323,-112.3582001
47.49732217,-122.2091675
33.49930181,-117.6174927
39.71237518,-105.1289139
47.54328532,-122.2067184
34.05200048,-118.4556274
37.6975718,-122.3314514
37.58823608,-122.0661774
36.73588959,-119.6820679
37.72348591,-121.2147217
35.0176236,-106.4969482
40.75788408,-111.9891891
47.77054322,-122.3458023
39.62002076,-105.5092773
45.5959651,-122.5554886
47.86076577,-122.3643799
47.11877685,-122.5919952
35.34427645,-106.6850967
34.1396505,-117.3715286
35.15268932,-106.6693954
40.54271618,-105.0967407
33.90547009,-117.9726105
36.1217979,-119.3260269
33.69109648,-112.2179871
33.32505035,-112.0463257
38.79008942,-121.2609787
46.67773151,-122.9361343
33.28514968,-111.8471375
43.48101357,-116.4027023
33.99074105,-117.3399734
37.95362128,-122.4286575
39.70220782,-119.8644791
37.10986783,-121.965004
38.6514158,-122.9993057
39.4896341,-104.8822403
38.49021619,-122.3033142
47.4995052,-122.0344238
34.09500212,-118.0123978
37.70810773,-120.8306885
45.13383684,-122.7729111
36.35144662,-119.6548615
33.82736828,-118.168602
39.20244146,-121.6449127
48.33567755,-119.5305634
47.53513349,-117.4346695
37.71264977,-122.3034744
46.47122182,-120.4797897
33.29147871,-112.2367477
38.96314754,-121.6427231
35.06816894,-106.6053391
45.46392228,-122.7971725
33.56261107,-111.9077454
47.70806645,-122.2867432
39.94655406,-105.0816956
36.96947633,-119.8588409
40.85264541,-111.8644638
33.82221695,-117.8517914
38.79498899,-104.794548
32.22342047,-110.8242569
39.65243481,-121.8046188
33.57771691,-112.404335
35.59470455,-105.9555359
38.19035772,-121.9696274
35.54001454,-119.0030441
32.40112115,-110.8249283
44.54641939,-123.3609772
33.05220788,-111.7353821
40.59765414,-111.8871765
39.38214821,-119.8136215
33.28629874,-111.7504578
34.27020913,-119.8278351
45.34178547,-122.5355225
33.84881546,-118.0622101
39.20704728,-104.8613052
39.70477856,-121.6123123
34.0927569,-117.5757523
39.25730104,-119.7682648
46.95251446,-122.7632217
39.63226193,-104.7703476
36.75392307,-119.7283249
33.83388149,-117.9058838
43.72169021,-116.2400818
33.38958307,-112.1842422
33.58288567,-111.6143112
44.6185463,-122.9070435
37.79874828,-122.1955338
47.69029681,-122.2481842
32.92065634,-117.1920853
33.72669241,-118.3080597
45.79811677,-122.6504288
37.12766748,-121.9484863
38.64952691,-121.4466553
33.66969335,-118.3866425
44.46908468,-123.0672455
38.06071138,-122.5717316
47.75083688,-122.0318222
47.30080044,-122.3822861
45.80935525,-118.3872528
45.57047329,-121.88237
40.8634706,-124.1017914
47.84561441,-122.3595047
38.9481254,-120.0030746
37.61954181,-122.1764374
33.85524369,-117.4564133
39.86164409,-104.8656464
39.79366912,-121.8581619
33.65195074,-117.7235565
40.74114413,-114.0723419
48.21512543,-122.1808624
48.931861,-122.4646378
44.46119973,-120.8486557
40.76094245,-122.3804169
35.1053923,-114.6120224
48.17845253,-123.115097
33.46611969,-117.9185028
33.90697296,-118.522377
40.26286192,-111.6888428
36.37475844,-119.3123627
36.83776121,-121.6059113
36.75578581,-119.5573349
47.91779225,-122.3462601
39.57661931,-104.8461227
45.24657248,-118.0818329
36.48281201,-119.5570831
43.51918113,-116.2576218
32.7621794,-117.2304916
38.25761462,-122.475174
41.17020145,-104.7638321
42.71107352,-106.2697906
39.53371496,-104.7702866
33.46409148,-112.2181396
39.50133751,-121.6869736
33.99835623,-118.3889313
33.93351297,-117.9137802
37.37535431,-122.0324631
33.97499588,-118.2250824
37.56494973,-122.0204697
40.46156185,-104.924614
43.22106472,-123.3823166
39.60146102,-119.7939377
37.36590678,-121.9612274
40.42740197,-111.6945267
34.93871964,-112.4525909
38.71972027,-121.267662
45.6166403,-122.6432343
38.50589452,-122.7413483
36.14472771,-119.5663223
46.76244253,-116.9019318
31.46894461,-109.9181137
33.81382743,-116.9458466
34.61528559,-117.3637772
33.94651809,-106.8912888
40.4438832,-105.0717545
32.83597076,-117.2068329
33.85862225,-118.2731781
47.75010522,-122.3849258
38.8660558,-121.3827209
34.01245539,-117.9502335
45.7050163,-108.7705536
33.5017079,-111.6328964
37.61733984,-120.9580078
32.74645747,-117.2545624
33.87155938,-118.3944321
33.63691729,-117.6727676
40.80369898,-111.8242416
40.43242526,-124.1456146
37.90190568,-121.6987
31.86527968,-106.5043335
33.96735122,-118.2483063
34.33801451,-118.5001297
35.05112589,-106.5863953
34.02345501,-117.4347763
33.49147239,-112.1477814
47.48017946,-122.6881714
36.81706524,-119.6976089
32.89504563,-115.5712051
39.81986144,-119.7059708
36.69958744,-121.6640091
47.41581949,-120.3249893
34.96244967,-106.6368256
37.62968811,-122.2905121
35.13133131,-119.1270294
41.39440591,-122.3167572
36.49069295,-121.3191757
46.3933317,-119.2799606
32.85082763,-117.2314301
47.12473393,-122.2937088
38.41257603,-122.4633179
39.69465486,-105.2162552
33.90397001,-118.0621567
33.49337491,-111.872612
34.17633296,-118.3983688
33.98741197,-117.9793472
33.72792404,-117.7866821
47.71821993,-122.6277924
35.95772773,-115.1913605
40.38478658,-105.1141434
32.17427015,-110.9417267
39.26400839,-120.2056198
47.47964691,-122.6697006
35.47643245,-108.7575989
39.4924996,-104.904747
39.89707266,-104.9873886
40.20716859,-105.1081009
46.81619689,-117.1631393
35.19010501,-106.6799393
36.57419312,-119.6990128
43.34608512,-124.2394028
44.15321211,-105.5245972
39.3800366,-120.0267792
37.5727297,-122.3061142
36.88615731,-107.9510498
38.37560095,-122.0332794
36.38251695,-119.3952866
46.18118188,-118.3364868
34.76405115,-112.4468536
45.75542737,-118.8061447
37.94422619,-122.3245926
38.108327,-121.3094711
39.69862345,-104.7703247
33.71187303,-118.0721436
47.25580895,-122.0452805
47.93837434,-122.2012329
39.90303345,-105.0144119
38.07414148,-121.695488
43.68158288,-116.3214645
32.82559732,-116.9365692
34.09027442,-118.3542175
47.95427956,-122.2724075
33.65482117,-112.2404938
48.35955137,-114.3343658
31.76453912,-106.4350281
37.76835681,-122.4325714
47.70274015,-117.40448
33.68504478,-117.0058441
37.78478259,-122.3953934
37.77889581,-121.9911957
45.66678716,-122.6603241
34.22221657,-118.30793
35.06969633,-106.7177658
48.03382001,-121.953949
37.59281263,-122.3271332
33.49824263,-112.5556564
41.30189414,-111.9455643
33.706133,-118.3676453
48.09069748,-114.0957565
34.00095278,-118.1068039
48.3059415,-122.1823883
33.29932296,-111.9113541
34.67368953,-117.4116364
40.65360929,-105.0759964
39.80824677,-104.7569504
39.74211161,-104.7219543
40.24204889,-122.2237473
44.92281225,-123.024437
33.70305755,-117.8650513
37.73052082,-122.4183731
33.39642394,-111.832901
33.68160123,-117.7222595
36.35777204,-119.3291855
40.63560042,-111.8659592
38.59500155,-121.4156036
33.65676201,-112.1314774
33.2833262,-112.0645065
36.22118725,-115.0906067
33.73183556,-112.3409882
45.54400695,-122.7512131
37.86063343,-122.5641174
38.32028459,-121.9521561
34.23163858,-118.4085007
33.63509215,-117.9539261
35.04483739,-120.4253922
37.73304133,-113.061615
33.60705112,-111.7005692
34.00976633,-114.2237701
47.24195418,-122.2013779
38.7449132,-104.6039124
48.6474575,-120.1752396
35.73506207,-120.6874542
39.64980329,-119.7368469
34.30864927,-118.5223312
33.12350583,-117.2594681
45.57760349,-122.8665771
38.51095118,-121.5059052
33.71883108,-118.0262756
39.82858343,-105.35215
38.6893986,-121.7461548
31.8722406,-106.4213486
42.58688474,-111.6044464
37.23602627,-120.4556656
33.45174113,-111.6040878
45.67014573,-122.4759674
47.07479003,-122.2728653
39.70879697,-104.9229202
47.56292511,-122.2174301
38.41957843,-121.4953079
46.32171146,-122.9659805
37.17122832,-120.6000977
40.12268998,-111.7009888
32.97461498,-116.9348068
37.18079045,-122.0259781
37.86205742,-122.0213852
47.51142795,-122.2258759
33.39876523,-112.0120316
39.91252041,-104.9158325
37.40528449,-105.6923904
32.66680236,-116.9358368
37.79620574,-122.3122864
32.70179374,-117.1014786
33.46053065,-111.8576355
38.61285631,-121.1641006
37.87385994,-121.2169189
47.80062192,-122.3557205
34.02670699,-118.2080994
33.81360249,-117.9079514
37.18501288,-121.9764938
39.90225223,-104.9780884
44.14438782,-103.2519073
38.11498205,-122.5786591
36.40816615,-119.3304825
32.50881173,-110.9764252
35.16931963,-111.2508011
45.10023488,-122.6938019
34.41845237,-118.9970398
35.77321412,-118.4765778
36.29063287,-115.1171875
33.92532955,-116.9622345
42.29411222,-122.8198624
36.11230342,-115.0251846
38.31640527,-122.7503967
37.76612863,-121.9722977
31.91257836,-110.7728043
34.43219688,-119.8307648
33.97813821,-118.3627472
34.09542612,-118.06353
38.16102272,-122.6448822
45.64823271,-108.4709549
37.9770797,-122.2507095
32.73581022,-116.7755051
36.76912572,-119.4403992
35.07046398,-106.6543503
37.48374462,-113.0648956
38.89547832,-104.7930832
35.28560354,-106.6033401
39.74788331,-105.1403503
39.53905818,-105.109024
46.25985237,-123.8962555
31.88011433,-106.4270859
48.09887128,-123.4245377
33.60920901,-118.1907654
39.99185261,-105.1344147
32.95762545,-115.5690308
39.48140762,-119.845192
39.3587178,-120.1374969
36.46715817,-115.2775497
37.71281229,-122.1822891
32.89556064,-108.2594299
32.79230155,-114.6493683
38.49834432,-121.3437881
43.96011388,-104.2112732
47.95138496,-116.7897949
42.61034191,-114.4380112
41.00639962,-111.9067917
33.64845372,-117.9165344
36.29976212,-115.063324
34.28361125,-118.5289764
34.18182504,-118.7577057
45.64689916,-122.5519714
39.84712545,-121.7951889
31.69684481,-106.2652435
33.63721192,-118.3450317
33.93343085,-118.2569885
39.76652227,-105.0239716
34.02595847,-118.1155243
36.27258499,-115.0906448
38.38181917,-122.6774597
36.15066607,-115.0775223
43.68858805,-109.6409454
37.61706089,-121.7819443
34.01143387,-118.7569046
33.75161969,-118.1939392
47.37496402,-120.3236618
32.75922471,-116.9235153
33.22970709,-110.8039703
33.57263605,-112.1523209
37.41039282,-121.8200912
33.66321741,-117.8879929
37.27072577,-121.8550797
33.48178335,-117.722229
36.15885587,-119.0414658
44.7871146,-123.2534027
35.48244452,-120.6913071
40.24476371,-104.7377548
37.44187051,-121.1435318
38.70068611,-121.1652603
33.59567599,-117.6598282
35.99493943,-115.0777893
35.10390381,-114.5845184
42.31206957,-122.8509445
33.93323355,-117.7836227
35.87886234,-119.2478333
33.88869628,-118.3017273
34.50656678,-118.5564651
48.0808865,-122.1005325
33.9286736,-118.2742691
47.88028681,-122.2921906
35.97206641,-115.0642624
33.90573681,-118.1447754
36.97784434,-121.6449966
47.22153108,-122.9457932
37.89988377,-121.9437637
36.01574377,-115.1205673
37.86397444,-121.3185425
42.66249327,-122.8111649
34.15924823,-118.3583755
36.42822508,-119.6544418
37.96824727,-122.3169022
38.52663196,-122.7421112
47.80610509,-116.7904587
34.96474624,-114.5970078
40.58205375,-111.89048
39.53878648,-104.8666534
34.32351,-118.0093536
36.77651853,-119.7543259
35.30184392,-119.1009369
33.68159939,-117.8902969
37.73712363,-122.0479507
33.8307261,-117.4522476
44.39036409,-122.7384033
40.58013439,-111.7949142
33.26877638,-117.6964569
40.75750125,-122.3508835
34.71073002,-118.218811
33.99410405,-118.15242
38.70476785,-121.5426025
33.98800564,-116.4571381
33.37347352,-111.8754044
33.92685222,-117.8673019
35.20623957,-106.1959991
34.36040969,-118.8419113
32.54511951,-117.0939484
41.23800132,-112.0261612
32.21139456,-110.9685211
37.54226172,-120.8478775
32.922641,-117.131279
34.33449762,-116.8828201
33.4986903,-117.6790619
41.85468271,-122.6385269
33.70145552,-111.7119522
47.59485665,-117.4232864
36.56148003,-105.5824203
32.89304594,-114.6327667
33.92386493,-118.167717
39.80964532,-121.8609772
32.51137116,-117.0254059
33.68152532,-111.9300919
35.04771569,-106.7177658
38.48335576,-121.3599396
34.11340357,-117.4880219
39.5344797,-119.8491211
39.71105588,-105.293335
39.69154047,-121.868782
39.50646988,-104.8459473
35.16442715,-106.4992218
33.34857155,-111.8753586
33.03051741,-117.2132339
35.08642495,-120.4348373
40.32320984,-122.2796478
33.81594561,-118.1530304
48.06728429,-123.4169235
47.5130213,-115.3431015
40.79769527,-124.1753769
39.63498842,-107.3239365
33.06186012,-117.1517639
33.53202802,-111.5793686
47.76521374,-117.3786697
33.54677089,-111.9753723
39.26657925,-119.7594528
47.00019478,-122.2928238
40.62568834,-107.553772
45.57025919,-122.8358688
36.68717735,-119.7723541
33.98711565,-118.0207748
40.53310443,-111.8531952
43.06558534,-124.1875153
39.69560541,-104.866066
40.61526269,-112.0254135
37.89809827,-121.434021
39.37670039,-104.7775574
37.92787368,-122.5251541
44.31893319,-109.0533447
48.33722058,-114.2762756
36.15781963,-119.2968292
33.53436466,-117.9189911
32.59118418,-117.0688629
34.5839383,-112.0123749
33.8354671,-117.8845596
47.49108435,-114.1122055
36.25861435,-115.2050552
40.34285643,-111.4124603
34.62414755,-111.8623047
45.34176301,-123.1819077
35.42390863,-120.6710052
33.62486972,-112.1122894
33.9590002,-118.3952103
33.84675036,-117.7122498
45.56894812,-122.5582047
37.88771625,-122.1666107
32.88310337,-117.2081833
40.06342108,-105.1308136
33.94739727,-118.1815414
33.16323108,-117.2393112
37.42624081,-121.9601364
33.90003303,-118.0306931
35.05104272,-120.4348984
39.84396425,-120.9023285
35.03977982,-107.908844
33.57092733,-111.7741928
44.3574609,-105.4918518
46.91754517,-122.298027
44.12330517,-103.3520355
38.72135069,-120.9971542
36.04717425,-120.3658218
34.71181726,-118.179657
35.16200031,-106.573616
39.22970899,-123.1981277
47.08913688,-122.4329834
39.88127282,-121.8610611
33.72295524,-118.3200684
37.6348495,-122.3977737
42.37321322,-113.7833023
39.76118397,-105.0819244
38.38103736,-122.8063202
33.89000476,-117.4354172
38.31023037,-122.7061462
33.61369104,-117.249527
36.02738027,-115.0970154
47.15510971,-122.2750702
39.78543125,-121.8355331
33.40409558,-111.7557526
38.5188614,-121.412384
33.62956847,-116.1817017
36.57432652,-114.442215
33.71163451,-111.7286148
45.68959886,-122.473259
33.78452385,-116.9726105
47.05372316,-122.2285233
37.19282737,-122.0871277
38.11051671,-121.2403259
32.23059889,-110.8754883
38.80324271,-120.7870407
47.77106938,-117.6817474
32.65712224,-117.0659866
45.81126712,-121.5225296
33.22594107,-117.0831375
32.12466865,-110.8414536
34.10436532,-118.5863037
33.47763391,-112.2021713
38.32588927,-120.7697296
37.67801845,-121.2147217
34.59396288,-112.4676437
34.20293417,-118.9898605
33.81428836,-118.3064117
34.35242911,-117.3079071
47.29248277,-122.2937469
47.59693987,-122.3471298
43.96242856,-122.9927597
36.63855928,-119.7894287
47.71033397,-117.1955032
31.17873053,-110.9670639
45.7060303,-108.5105362
34.92135492,-106.7107086
33.65511418,-117.199913
40.59375026,-112.0239258
34.17285058,-117.9677353
36.21826015,-115.1092911
36.87665724,-119.8279037
37.47694583,-108.5665359
41.02943731,-115.7854385
47.78318745,-122.3454895
42.17688539,-104.9621353
40.66260745,-111.9883423
32.8504929,-102.643898
45.11618265,-122.7923355
33.71182142,-117.9533386
43.75952918,-122.9972076
33.46386299,-112.0138016
33.64209934,-117.9193115
40.668922,-111.8530426
32.66124836,-116.9698868
37.87807924,-122.0149307
45.6942505,-122.5368195
33.78062202,-118.0736771
43.78654573,-116.3857422
33.70736279,-118.0059891
42.93201369,-106.3515015
33.58671808,-112.0639725
38.3395487,-122.1403885
33.97382213,-118.4538422
47.47790657,-122.3875046
32.91648264,-108.2474899
37.62315911,-122.3935547
39.22964248,-121.0391846
33.7929743,-118.3080597
37.64145696,-122.4300385
34.10929244,-117.2079468
40.40935146,-111.6881104
43.92921404,-116.9435196
33.42351683,-112.1709747
38.58528998,-120.8409576
38.03069034,-122.3306656
36.41359802,-115.2057495
40.81390514,-124.0818939
44.96265766,-123.0238266
36.01291374,-115.1357956
35.17864277,-103.698349
32.59979686,-116.9655151
37.97584018,-122.2592087
37.16791071,-121.9746399
37.58228265,-106.1422119
34.22024874,-118.0752869
37.14942475,-121.7965546
33.11958137,-117.2606735
35.01167102,-106.5924454
46.69278493,-122.9594193
45.41057801,-122.6007462
44.01032937,-123.0285263
43.78979097,-116.2759552
37.63610727,-121.4451599
36.06830117,-115.1176834
38.74102778,-121.3818817
33.7400278,-117.9536362
47.60339313,-122.1101303
34.17549936,-118.738739
40.51285739,-116.9458466
33.5012708,-112.1682816
33.33534753,-112.3404083
40.66941952,-111.8637085
35.61680955,-119.3578491
34.11399275,-118.2603378
32.26002664,-106.7509842
36.07763375,-115.0633545
38.35719986,-121.449295
47.44422542,-122.6302185
41.12938467,-112.025116
40.77707448,-124.1384277
39.29578924,-104.9210663
43.16080584,-108.3796692
37.53874404,-121.9467163
31.63012144,-106.5258331
34.21421771,-119.0389709
43.78650995,-116.6677017
33.33294321,-111.9502945
40.39168411,-104.7016907
46.99508504,-122.5109177
33.98175069,-118.270195
45.6587684,-108.577179
33.19421084,-112.0333862
39.7613305,-106.4177704
45.46674348,-122.7443619
37.80794197,-121.8377609
33.06195106,-111.8265762
31.49440659,-110.2519379
33.97735016,-117.5882721
34.54575352,-117.2919769
35.98990217,-115.0729065
40.75818023,-124.1465683
34.20682623,-118.2907639
33.69995578,-116.4571304
42.00451318,-123.6466751
35.11839366,-101.8839874
42.72161983,-112.4513931
38.85588053,-121.1582642
33.8199799,-116.9026642
45.45680346,-122.9043579
45.46245524,-122.5306168
32.16031182,-110.8472443
40.07254705,-120.9353943
38.58476972,-120.7851181
40.87967894,-111.9418106
33.25592306,-117.2855835
37.86620651,-122.4594727
39.89884907,-121.5912399
41.81594081,-111.8331375
44.16178184,-123.104538
39.87178948,-105.8108597
33.85043373,-118.3515396
37.7976292,-121.8729782
33.38320747,-112.2352982
47.23003206,-122.4329834
32.38206717,-110.9101563
39.61685474,-104.7909546
34.11333367,-117.9994736
33.48949024,-112.252449
34.10131379,-117.3694305
37.44042447,-121.8755875
38.44423517,-107.8652802
39.96095272,-105.0359192
33.52653913,-111.8897324
45.69281879,-122.8304977
38.79005613,-119.9641418
45.27565764,-122.7731857
47.01106554,-122.9175797
40.4369243,-111.4130554
36.18179281,-115.9085922
33.89750506,-117.919136
45.22783346,-122.6292267
40.48641616,-111.9773712
34.02550361,-118.2493591
47.29727545,-122.3343658
33.96183899,-117.872467
38.04508382,-122.1195221
38.48760846,-105.9943085
35.24222805,-118.9318161
46.70619634,-119.9125137
43.70915918,-116.313942
38.87384621,-106.1971283
34.54345039,-118.1457138
33.51995027,-111.83992
32.90296519,-117.0398407
46.20269779,-123.914444
39.24534516,-108.587883
47.94837512,-122.1012192
33.59022621,-117.5906525
47.28453324,-120.2807312
34.38958333,-118.4703369
38.15604798,-122.5415344
40.53642664,-111.9386368
33.36483551,-111.6830902
47.1619161,-122.4338837
33.94388015,-118.2153244
32.15708645,-110.7909164
32.95073433,-117.1810074
45.86376304,-116.1243439
35.35282091,-106.675148
36.67868353,-121.9229431
34.24656739,-118.6084976
37.72643331,-120.9545364
34.42268852,-114.3427505
39.02099582,-104.77491
39.23645396,-108.5141754
33.41043131,-117.3230896
42.04666587,-122.7861404
